{
    "total_runtime": 151.93743777275085,
    "num_documents": 4,
    "input_load_time": 0,
    "workflows": {
        "load_input_documents": {
            "overall": 0.0225374698638916
        },
        "create_base_text_units": {
            "overall": 0.038118839263916016
        },
        "create_final_documents": {
            "overall": 0.02163410186767578
        },
        "create_final_text_units": {
            "overall": 0.03746438026428223
        }
    }
}
